id,menuItemName,rawMaterialName,quantity,cost
1,MARGHERITA,ROTI PIZZA,1.0,1.7518
2,MARGHERITA,TOMATO SOS BASE,108.0,0.7748254328197961
3,MARGHERITA,MOZZARELLA CHEESE,120.0,4.608
4,MARGHERITA,TOMATO CHERRY,22.0,0.55
5,MARGHERITA,BASIL,3.0,0.30000000000000004
6,VEGE,ROTI PIZZA,1.0,1.7518
7,VEGE,TOMATO SOS BASE,108.0,0.7748254328197961
8,VEGE,MOZZARELLA CHEESE,120.0,4.608
9,VEGE,TOMATO CHERRY,22.0,0.55
10,VEGE,CAPSICUM,27.0,0.27
11,VEGE,MUSHROOM,15.0,0.3571428571428571
12,VEGE,BAWANG MERAH,30.0,0.15
13,VEGE,NENAS,36.0,0.16199999999999998
14,VEGE,BLACK OLIVE,8.0,0.35294117647058826
15,BEEF PEPPERONI,ROTI PIZZA,1.0,1.7518
16,BEEF PEPPERONI,TOMATO SOS BASE,108.0,0.7748254328197961
17,BEEF PEPPERONI,BEEF PEPPERONI,43.0,2.0855
18,BEEF PEPPERONI,MOZZARELLA CHEESE,120.0,4.608
19,CHICKEN PEPPERONI,ROTI PIZZA,1.0,1.7518
20,CHICKEN PEPPERONI,TOMATO SOS BASE,108.0,0.7748254328197961
21,CHICKEN PEPPERONI,CHICKEN PEPPERONI,47.0,1.8094999999999999
22,CHICKEN PEPPERONI,MOZZARELLA CHEESE,120.0,4.608
23,HAWAIIAN CHICKEN,ROTI PIZZA,1.0,1.7518
24,HAWAIIAN CHICKEN,TOMATO SOS BASE,108.0,0.7748254328197961
25,HAWAIIAN CHICKEN,AYAM HERBA,130.0,0.1493936011904762
26,HAWAIIAN CHICKEN,MOZZARELLA CHEESE,120.0,4.608
27,HAWAIIAN CHICKEN,NENAS,40.0,0.18
28,SPICY CHICKEN MUSHROOM,ROTI PIZZA,1.0,1.7518
29,SPICY CHICKEN MUSHROOM,TOMATO SOS BASE,108.0,0.7748254328197961
30,SPICY CHICKEN MUSHROOM,AYAM HERBA,130.0,0.1493936011904762
31,SPICY CHICKEN MUSHROOM,MOZZARELLA CHEESE,120.0,4.608
32,SPICY CHICKEN MUSHROOM,MUSHROOM,15.0,0.3571428571428571
33,SPICY CHICKEN MUSHROOM,CILI PAID MERAH,5.0,0.09
34,SPICY CHICKEN MUSHROOM,BAWANG MERAH,30.0,0.15
35,PEPPERONI AND SALAMI,ROTI PIZZA,1.0,1.7518
36,PEPPERONI AND SALAMI,TOMATO SOS BASE,108.0,0.7748254328197961
37,PEPPERONI AND SALAMI,BEEF PEPPERONI,18.0,0.873
38,PEPPERONI AND SALAMI,BEEF SALAMI,41.0,1.435
39,PEPPERONI AND SALAMI,MOZZARELLA CHEESE,120.0,4.608
40,PEPPERONI AND SALAMI,BAWANG MERAH,30.0,0.15
41,PEPPERONI AND SALAMI,BLACK OLIVE,8.0,0.35294117647058826
42,FOUR CHEESE TOP,ROTI PIZZA,1.0,1.7518
43,FOUR CHEESE TOP,TOMATO SOS BASE,108.0,0.7748254328197961
44,FOUR CHEESE TOP,MOZZARELLA CHEESE,120.0,4.608
45,FOUR CHEESE TOP,PARMESAN,1.0,0.057
46,FOUR CHEESE TOP,CHEDDAR COLOUR,34.0,1.224
47,FOUR CHEESE TOP,FETA,14.0,0.84
48,BEB PIZZA,ROTI PIZZA,1.0,1.7518
49,BEB PIZZA,TOMATO SOS BASE,108.0,0.7748254328197961
50,BEB PIZZA,AYAM HERBA,114.0,0.13100669642857143
51,BEB PIZZA,SOSEJ,28.0,0.32941176470588235
52,BEB PIZZA,MOZZARELLA CHEESE,120.0,4.608
53,BEB PIZZA,CAPSICUM,30.0,0.3
54,BEB PIZZA,MUSHROOM,13.0,0.30952380952380953
55,BEB PIZZA,BAWANG MERAH,21.0,0.105
56,BEB PIZZA,NENAS,35.0,0.1575
57,BBQ CHICKEN PIZZA,ROTI PIZZA,1.0,1.7518
58,BBQ CHICKEN PIZZA,TOMATO SOS BASE,108.0,0.7748254328197961
59,BBQ CHICKEN PIZZA,AYAM HERBA,130.0,0.1493936011904762
60,BBQ CHICKEN PIZZA,MOZZARELLA CHEESE,120.0,4.608
61,BBQ CHICKEN PIZZA,TOMATO CHERRY,22.0,0.55
62,BBQ CHICKEN PIZZA,MUSHROOM,19.0,0.45238095238095233
63,BBQ CHICKEN PIZZA,BBQ SOS KIMBALL,100.0,0.8
64,SPICY TUNA PIZZA,ROTI PIZZA,1.0,1.7518
65,SPICY TUNA PIZZA,TOMATO SOS BASE,108.0,0.7748254328197961
66,SPICY TUNA PIZZA,MOZZARELLA CHEESE,120.0,4.608
67,SPICY TUNA PIZZA,CAPSICUM,27.0,0.27
68,SPICY TUNA PIZZA,BAWANG MERAH,30.0,0.15
69,SPICY TUNA PIZZA,TUNA,80.0,3.75
70,BLACK PEPPER BEEF,ROTI PIZZA,1.0,1.7518
71,BLACK PEPPER BEEF,BLACK PEPPER SOS,150.0,1.7695367592726745
72,BLACK PEPPER BEEF,STREAKY BEEF,80.0,4.6000000000000005
73,BLACK PEPPER BEEF,MOZZARELLA CHEESE,120.0,4.608
74,BLACK PEPPER BEEF,CAPSICUM,27.0,0.27
75,BLACK PEPPER BEEF,BAWANG MERAH,30.0,0.15
76,BLACK PEPPER LAMB,ROTI PIZZA,1.0,1.7518
77,BLACK PEPPER LAMB,BLACK PEPPER SOS,150.0,1.7695367592726745
78,BLACK PEPPER LAMB,LAMB – PROCESS,80.0,3.04
79,BLACK PEPPER LAMB,MOZZARELLA CHEESE,120.0,4.608
80,BLACK PEPPER LAMB,CAPSICUM,27.0,0.27
81,BLACK PEPPER LAMB,BAWANG MERAH,30.0,0.15
82,TRIPLE CHICKEN PIZZA,ROTI PIZZA,1.0,1.7518
83,TRIPLE CHICKEN PIZZA,AYAM HERBA,130.0,0.1493936011904762
84,TRIPLE CHICKEN PIZZA,CHICKEN PEPPERONI,22.0,0.847
85,TRIPLE CHICKEN PIZZA,SOSEJ,28.0,0.32941176470588235
86,TRIPLE CHICKEN PIZZA,MOZZARELLA CHEESE,120.0,4.608
87,TRIPLE CHICKEN PIZZA,CAPSICUM,20.0,0.2
88,TRIPLE CHICKEN PIZZA,BAWANG MERAH,21.0,0.105
89,TRIPLE CHICKEN PIZZA,THOUSAND ISLAND SOS,48.0,0.384
90,SEAFOOD PIZZA,ROTI PIZZA,1.0,1.7518
91,SEAFOOD PIZZA,UDANG,256.0,10.24
92,SEAFOOD PIZZA,SOTONG,68.0,2.3800000000000003
93,SEAFOOD PIZZA,CRAB STICK,33.0,0.462
94,SEAFOOD PIZZA,MOZZARELLA CHEESE,120.0,4.608
95,SEAFOOD PIZZA,CAPSICUM,20.0,0.2
96,SEAFOOD PIZZA,BAWANG MERAH,21.0,0.105
97,SEAFOOD PIZZA,THOUSAND ISLAND SOS,48.0,0.384
98,CHEESE BAKED PASTA,BOLOGNESE,120.0,1.5116850340136054
99,CHEESE BAKED PASTA,WHITE SOS,12.0,0.1587394285714286
100,CHEESE BAKED PASTA,MOZZARELLA CHEESE,58.0,2.2272
101,CHEESE BAKED PASTA,SPAGHETTI,140.0,1.4000000000000001
102,CHICKEN SPAGHETTI,TOMATO SOS BASE,66.0,0.4735044311676532
103,CHICKEN SPAGHETTI,AYAM HERBA,100.0,0.11491815476190477
104,CHICKEN SPAGHETTI,BOLOGNESE,120.0,1.5116850340136054
105,CHICKEN SPAGHETTI,WHITE SOS,12.0,0.1587394285714286
106,CHICKEN SPAGHETTI,MOZZARELLA CHEESE,58.0,2.2272
107,CHICKEN SPAGHETTI,SPAGHETTI,140.0,1.4000000000000001
108,CHICKEN CARBONARA,CHICKEN SLICE,15.0,0.36
109,CHICKEN CARBONARA,DRUMMET AYAM GIANT,2.0,0.04470588235294118
110,CHICKEN CARBONARA,TOMATO CHERRY,12.0,0.30000000000000004
111,CHICKEN CARBONARA,CAPSICUM,15.0,0.15
112,CHICKEN CARBONARA,FULL CREAM MILK,80.0,0.56
113,CHICKEN CARBONARA,LEGOS CARBONARA,100.0,2.4489795918367347
114,CHICKEN CARBONARA,SPAGHETTI,150.0,1.5
115,CREAMY CHEESE SHRIMP,SHRIMP,3.0,4.625
116,CREAMY CHEESE SHRIMP,MOZZARELLA CHEESE,70.0,2.6879999999999997
117,CREAMY CHEESE SHRIMP,CHEDDAR SHREDDED,30.0,1.5
118,CREAMY CHEESE SHRIMP,CILI PAID MERAH,2.0,0.036
119,CREAMY CHEESE SHRIMP,DAUN KARI,3.0,0.09
120,CREAMY CHEESE SHRIMP,BAWANG PUTIH,2.0,0.018
121,CREAMY CHEESE SHRIMP,BUTTER,30.0,0.6
122,CREAMY CHEESE SHRIMP,FULL CREAM MILK,135.0,0.9450000000000001
123,CREAMY CHEESE SHRIMP,GARAM - BM,2.0,0.006
124,CREAMY CHEESE SHRIMP,GULA - BM,10.0,0.04
125,CREAMY CHEESE SHRIMP,PENNE,120.0,1.2
126,CREAMY CHEESE LOBSTER,LOBSTER,2.0,8.6
127,CREAMY CHEESE LOBSTER,MOZZARELLA CHEESE,70.0,2.6879999999999997
128,CREAMY CHEESE LOBSTER,CHEDDAR SHREDDED,30.0,1.5
129,CREAMY CHEESE LOBSTER,CILI PAID MERAH,2.0,0.036
130,CREAMY CHEESE LOBSTER,DAUN KARI,3.0,0.09
131,CREAMY CHEESE LOBSTER,BAWANG PUTIH,2.0,0.018
132,CREAMY CHEESE LOBSTER,BUTTER,30.0,0.6
133,CREAMY CHEESE LOBSTER,FULL CREAM MILK,135.0,0.9450000000000001
134,CREAMY CHEESE LOBSTER,GARAM - BM,2.0,0.006
135,CREAMY CHEESE LOBSTER,GULA - BM,10.0,0.04
136,CREAMY CHEESE LOBSTER,PENNE,120.0,1.2
137,BEEF AGLIO E OLIO,SERBUK AGLIO – PROCESS,25.0,0.3561475409836066
138,BEEF AGLIO E OLIO,BEEF SALAMI,20.0,0.7000000000000001
139,BEEF AGLIO E OLIO,STREAKY BEEF,15.0,0.8625
140,BEEF AGLIO E OLIO,CAPSICUM,6.0,0.06
141,BEEF AGLIO E OLIO,BAWANG PUTIH,4.0,0.036
142,BEEF AGLIO E OLIO,BLACK OLIVE,3.0,0.1323529411764706
143,BEEF AGLIO E OLIO,BEEF STOCK,3.0,0.074
144,BEEF AGLIO E OLIO,OLIVE OIL,20.0,0.66
145,BEEF AGLIO E OLIO,SPAGHETTI,170.0,1.7
146,SEAFOOD AGLIO E OLIO,SERBUK AGLIO – PROCESS,25.0,0.3561475409836066
147,SEAFOOD AGLIO E OLIO,UDANG,3.0,0.12
148,SEAFOOD AGLIO E OLIO,SOTONG,1.0,0.035
149,SEAFOOD AGLIO E OLIO,CAPSICUM,6.0,0.06
150,SEAFOOD AGLIO E OLIO,BAWANG PUTIH,4.0,0.036
151,SEAFOOD AGLIO E OLIO,BLACK OLIVE,3.0,0.1323529411764706
152,SEAFOOD AGLIO E OLIO,STOK UDANG – PROCESS,3.0,3.0
153,SEAFOOD AGLIO E OLIO,OLIVE OIL,20.0,0.66
154,SEAFOOD AGLIO E OLIO,SPAGHETTI,170.0,1.7
155,LASAGNE,BOLOGNESE,200.0,2.5194750566893425
156,LASAGNE,WHITE SOS,15.0,0.19842428571428572
157,LASAGNE,MOZZARELLA CHEESE,100.0,3.84
158,LASAGNE,LASAGNE,1.0,0.01
159,BEB MEAT BALL,TOMATO SOS BASE,30.0,0.2152292868943878
160,BEB MEAT BALL,WHITE SOS,30.0,0.39684857142857144
161,BEB MEAT BALL,BEEF MEAT BALL,8.0,4.48
162,BEB MEAT BALL,MOZZARELLA CHEESE,60.0,2.304
163,BEB MEAT BALL,CAPSICUM,17.0,0.17
164,BEB MEAT BALL,CILI PAID MERAH,4.0,0.072
165,BEB MEAT BALL,BAWANG MERAH,10.0,0.05
166,POLLO FORMAGIO,BLACK PEPPER SOS,60.0,0.7078147037090698
167,POLLO FORMAGIO,CHICKEN CHOP,1.0,6.4
168,POLLO FORMAGIO,SHOESTRING FRIES,100.0,1.05
169,POLLO FORMAGIO,MOZZARELLA CHEESE,30.0,1.152
170,POLLO FORMAGIO,BROCCOLI,50.0,0.2
171,GRILL LAMB CHOP,BLACK PEPPER SOS,60.0,0.7078147037090698
172,GRILL LAMB CHOP,LAMB – PROCESS,200.0,7.6
173,GRILL LAMB CHOP,SHOESTRING FRIES,100.0,1.05
174,GRILL LAMB CHOP,BROCCOLI,50.0,0.2
175,GRILL BEEF STEAK,BLACK PEPPER SOS,60.0,0.7078147037090698
176,GRILL BEEF STEAK,SHOESTRING FRIES,100.0,1.05
177,GRILL BEEF STEAK,BROCCOLI,50.0,0.2
178,FRIES,SHOESTRING FRIES,200.0,2.1
179,FRIES,MAYONESE,10.0,0.08
180,CHEESY FRIES,CURLY FRIES,200.0,5.0
181,CHEESY FRIES,MAYONESE,10.0,0.08
182,CHEESY FRIES,CHEESY SERBUK ORIGINAL,10.0,0.5
183,STICKY FRIES,BOLOGNESE,130.0,1.6376587868480725
184,STICKY FRIES,WHITE SOS,30.0,0.39684857142857144
185,STICKY FRIES,SHOESTRING FRIES,200.0,2.1
186,STICKY FRIES,MOZZARELLA CHEESE,60.0,2.304
187,GARLIC BREAD,ROTI BUN,1.0,0.7785777777777778
188,GARLIC BREAD,GARLIC BUTTER,15.0,0.36300000000000004
189,GARLIC BREAD WITH CHEDDAR,ROTI BUN,1.0,0.7785777777777778
190,GARLIC BREAD WITH CHEDDAR,MOZZARELLA CHEESE,50.0,1.92
191,GARLIC BREAD WITH CHEDDAR,CHEDDAR COLOUR,16.0,0.576
192,MUSHROOM SOUP,MUSHROOM SOUP,200.0,1.53262
193,MUSHROOM SOUP WITH GARLIC BREAD,ROTI BUN,1.0,0.7785777777777778
194,MUSHROOM SOUP WITH GARLIC BREAD,MUSHROOM SOUP,200.0,1.53262
195,MUSHROOM SOUP WITH GARLIC BREAD,GARLIC BUTTER,15.0,0.36300000000000004
196,BEEF BRUCHETTA,ROTI BUN,1.0,0.7785777777777778
197,BEEF BRUCHETTA,BOLOGNESE,50.0,0.6298687641723356
198,BEEF BRUCHETTA,MOZZARELLA CHEESE,50.0,1.92
199,BEEF BRUCHETTA,TOMATO CHERRY,10.0,0.25
200,BEEF BRUCHETTA,BAWANG MERAH,10.0,0.05