id,name,category,packageWeight,packagePrice,unitPrice,unit,outQty,costUsage
1,AYAM BB,FROZEN,1000.0,12.0,0.012,gram,0.0,0.0
2,KEPAK AYAM,FROZEN,1000.0,16.0,0.016,gram,0.0,0.0
3,DAGING CINCANG,FROZEN,1000.0,17.0,0.017,gram,0.0,0.0
4,BEEF PEPPERONI,FROZEN,1000.0,48.5,0.0485,gram,2025.0,98.2125
5,CHICKEN PEPPERONI,FROZEN,1000.0,38.5,0.0385,gram,1483.0,57.0955
6,BEEF SALAMI,FROZEN,1000.0,35.0,0.035,gram,425.0,14.875000000000002
7,SOSEJ,FROZEN,340.0,4.0,0.011764705882352941,gram,1316.0,15.48235294117647
8,STREAKY BEEF,FROZEN,1000.0,57.5,0.0575,gram,805.0,46.2875
9,LAMB – PROCESS,FROZEN,1000.0,38.0,0.038,gram,560.0,21.28
10,CHICKEN CHOP,FROZEN,2.0,12.8,6.4,gram,22.0,140.8
11,UDANG,FROZEN,1000.0,40.0,0.04,gram,2162.0,86.48
12,SOTONG,FROZEN,1000.0,35.0,0.035,gram,582.0,20.37
13,CRAB STICK,FROZEN,500.0,7.0,0.014,gram,264.0,3.696
14,CHICKEN SLICE,FROZEN,500.0,12.0,0.024,gram,270.0,6.48
15,SHRIMP,FROZEN,24.0,37.0,1.5416666666666667,gram,9.0,13.875
16,LOBSTER,FROZEN,10.0,43.0,4.3,gram,0.0,0.0
17,BEEF MEAT BALL,FROZEN,1000.0,16.0,0.016,gram,72.0,1.1520000000000001
18,DRUMMET AYAM GIANT,FROZEN,850.0,19.0,0.02235294117647059,gram,36.0,0.8047058823529412
19,CHICKEN POPCORN,FROZEN,1000.0,25.3,0.0253,gram,0.0,0.0
20,SHOESTRING FRIES,FROZEN,1000.0,10.5,0.0105,gram,8600.0,90.30000000000001
21,CURLY FRIES,FROZEN,1000.0,25.0,0.025,gram,4000.0,100.0
22,VANILA ICECREAM,FROZEN,1500.0,8.0,0.005333333333333333,gram,0.0,0.0
23,MOZZARELLA CHEESE,CHEESE,1000.0,38.4,0.0384,gram,34678.0,1331.6352
24,CHEDDAR SHREDDED,CHEESE,1000.0,50.0,0.05,gram,90.0,4.5
25,PARMESAN,CHEESE,1000.0,57.0,0.057,gram,6.0,0.342
26,CHEDDAR COLOUR,CHEESE,1000.0,36.0,0.036,gram,204.0,7.343999999999999
27,FETA,CHEESE,200.0,12.0,0.06,gram,84.0,5.04
28,VEGETABLES,CHEESE,,,,gram,0.0,0.0
29,TOMATO CHERRY,CHEESE,200.0,5.0,0.025,gram,646.0,16.150000000000002
30,BASIL,CHEESE,10.0,1.0,0.1,gram,24.0,2.4000000000000004
31,CAPSICUM,CHEESE,1000.0,10.0,0.01,gram,2822.0,28.22
32,MUSHROOM,CHEESE,210.0,5.0,0.023809523809523808,gram,738.0,17.57142857142857
33,CILI PAID MERAH,CHEESE,1000.0,18.0,0.018,gram,102.0,1.8359999999999999
34,DAUN KARI,CHEESE,100.0,3.0,0.03,gram,9.0,0.27
35,BAWANG PUTIH,CHEESE,1000.0,9.0,0.009,gram,202.0,1.8179999999999998
36,BROCCOLI,CHEESE,1000.0,4.0,0.004,gram,1100.0,4.4
37,CARROT,CHEESE,1000.0,3.0,0.003,gram,0.0,0.0
38,CELERY,CHEESE,1000.0,5.0,0.005,gram,0.0,0.0
39,TOMATO,CHEESE,1000.0,6.0,0.006,gram,0.0,0.0
40,BUTTER,CHEESE,250.0,5.0,0.02,gram,90.0,1.8
41,HERSEY’S CHOCOLATE SYRUPS,CHEESE,680.0,16.0,0.023529411764705882,gram,0.0,0.0
42,CHOCOLATE COIN,CHEESE,1000.0,50.0,0.05,gram,0.0,0.0
43,VEGETABLE,DRY STORAGE,,,,gram,0.0,0.0
44,BAWANG MERAH,DRY STORAGE,1000.0,5.0,0.005,gram,2605.0,13.025
45,NENAS,DRY STORAGE,1000.0,4.5,0.0045,gram,2751.0,12.379499999999998
46,TEPUNG HIGH PROTEIN,BREAD,1000.0,4.3,0.0043,gram,0.0,0.0
47,MAURIPAN,BREAD,500.0,12.5,0.025,gram,0.0,0.0
48,PELEMBUT ROTI,BREAD,500.0,10.0,0.02,gram,0.0,0.0
49,MAGI PRO,BREAD,500.0,12.0,0.024,gram,0.0,0.0
50,SHORTENING,BREAD,1000.0,13.0,0.013,gram,0.0,0.0
51,BLACK OLIVE,SOS / PACKED/ CANNED,170.0,7.5,0.04411764705882353,gram,195.0,8.602941176470589
52,TUNA,SOS / PACKED/ CANNED,160.0,7.5,0.046875,gram,720.0,33.75
53,FULL CREAM MILK,SOS / PACKED/ CANNED,1000.0,7.0,0.007,gram,1845.0,12.915000000000001
54,MAC & CHEESE PREGO,SOS / PACKED/ CANNED,290.0,6.0,0.020689655172413793,gram,0.0,0.0
55,MAYONESE,SOS / PACKED/ CANNED,3000.0,24.0,0.008,gram,330.0,2.64
56,BBQ SOS KIMBALL,SOS / PACKED/ CANNED,1000.0,8.0,0.008,gram,600.0,4.8
57,THOUSAND ISLAND SOS,SOS / PACKED/ CANNED,1000.0,8.0,0.008,gram,1056.0,8.448
58,LEGOS CARBONARA,SOS / PACKED/ CANNED,490.0,12.0,0.024489795918367346,gram,1800.0,44.08163265306122
59,CILI SOS KIMBALL - BM,SOS / PACKED/ CANNED,1000.0,4.2,0.004200000000000001,gram,0.0,0.0
60,TOMATO SOS KIMBALL - BM,SOS / PACKED/ CANNED,1000.0,4.3,0.0043,gram,0.0,0.0
61,SOS CILI HEINZ,SOS / PACKED/ CANNED,3320.0,33.0,0.009939759036144578,gram,0.0,0.0
62,SOS CILI HEINZ- BOTTLE,SOS / PACKED/ CANNED,320.0,3.95,0.01234375,gram,0.0,0.0
63,TOMATO SOS HEINZ,SOS / PACKED/ CANNED,3230.0,30.0,0.009287925696594427,gram,0.0,0.0
64,TOMATO SOS HEINZ - BOTTLE,SOS / PACKED/ CANNED,300.0,3.4,0.011333333333333332,gram,0.0,0.0
65,TOMATO PUREE - BM,SOS / PACKED/ CANNED,430.0,5.0,0.011627906976744186,gram,0.0,0.0
66,SOS TIRAM PUTERI - BM,SOS / PACKED/ CANNED,4200.0,8.0,0.0019047619047619048,gram,0.0,0.0
67,MADU - BM,SOS / PACKED/ CANNED,1000.0,10.0,0.01,gram,0.0,0.0
68,WORCESTER SOS - BM,SOS / PACKED/ CANNED,290.0,9.8,0.033793103448275866,gram,0.0,0.0
69,HP SOS - BM,SOS / PACKED/ CANNED,255.0,7.9,0.030980392156862747,gram,0.0,0.0
70,GARAM - BM,SOS / PACKED/ CANNED,1000.0,3.0,0.003,gram,6.0,0.018000000000000002
71,GULA - BM,SOS / PACKED/ CANNED,1000.0,4.0,0.004,gram,30.0,0.12
72,BLACK PEPPER CORN,SOS / PACKED/ CANNED,1000.0,90.0,0.09,gram,0.0,0.0
73,AJINOMOTO - BM,SOS / PACKED/ CANNED,1000.0,13.0,0.013,gram,0.0,0.0
74,CILI SERBUK BABAS - BM,SOS / PACKED/ CANNED,1000.0,20.0,0.02,gram,0.0,0.0
75,TEPUNG GANDUM - BM,SOS / PACKED/ CANNED,1000.0,4.0,0.004,gram,0.0,0.0
76,BEEF STOCK,PASTE,1500.0,37.0,0.024666666666666667,gram,33.0,0.814
77,STOK UDANG – PROCESS,PASTE,1.0,1.0,1.0,gram,114.0,114.0
78,CHEESY SERBUK ORIGINAL,PASTE,1000.0,50.0,0.05,gram,200.0,10.0
79,CREAM OF MUSHROOM,PASTE,1000.0,25.0,0.025,gram,0.0,0.0
80,OLIVE OIL,OIL,1000.0,33.0,0.033,gram,980.0,32.34
81,MINYAK MASAK - BM,OIL,1000.0,3.0,0.003,gram,0.0,0.0
82,MAC & CHEESE SAN REMO,OIL,120.0,6.0,0.05,gram,0.0,0.0
83,CHOCO POPS BUBBLE RICE,OIL,400.0,13.3,0.03325,gram,0.0,0.0
84,SPAGHETTI,PASTA,500.0,5.0,0.01,gram,14670.0,146.70000000000002
85,LASAGNE,PASTA,500.0,5.0,0.01,gram,30.0,0.3
86,PENNE,PASTA,500.0,5.0,0.01,gram,0.0,0.0
87,3 COLOUR FUSILLI,PASTA,500.0,5.0,0.01,gram,0.0,0.0
88,MACARONI,PASTA,500.0,5.0,0.01,gram,0.0,0.0
89,CILI FLAKES,DRY HERB,1000.0,30.0,0.03,gram,0.0,0.0
90,BASIL SERBUK,DRY HERB,1000.0,65.0,0.065,gram,0.0,0.0
91,MIX HERB,DRY HERB,1000.0,96.0,0.096,gram,0.0,0.0
92,PAPRIKA,DRY HERB,1000.0,96.0,0.096,gram,0.0,0.0
93,PARSLEY,DRY HERB,1000.0,50.0,0.05,gram,0.0,0.0
94,BAY LEAVES,DRY HERB,1000.0,84.0,0.084,gram,0.0,0.0